,A,B,C,D
2000-01-01,0.6443407812034059,-0.5330114367201935,-0.11711194309947258,-0.5125743069669868
2000-01-02,-0.35965518906727345,-0.14590215186583566,-1.5009217592112238,-1.2496060997626857
2000-01-03,-1.7551259001748987,1.520460765030784,-1.8039878282034127,-2.3271288857933596
2000-01-04,-2.7024045019719667,2.198314627053661,-0.2715461583776271,-2.261685610240188
2000-01-05,-2.6942519187868643,1.3282067554887025,0.2642822991900917,-2.853766490253471
2000-01-06,-2.9442623895296864,2.302709652473755,1.2964576667449792,-2.114968645426775
2000-01-07,-1.6340517038218183,1.7351309854443437,1.8215133986704597,-2.334240872035106
2000-01-08,-0.20411577122798574,0.7867640308548157,3.1105526419932463,-3.1586511414382903
2000-01-09,0.06623301865763964,0.08594245932702671,3.5448903003488175,-1.528623086271698
2000-01-10,1.0131357603878466,-0.12768946111018709,3.24391570625415,-1.302912766688092
2000-01-11,0.02566142330460408,-0.14948767673631327,5.038708366852431,-2.2242133939932502
2000-01-12,0.7076136252340314,1.7542642028849897,6.529285536718553,-1.80402007703143
2000-01-13,1.2368393052274576,4.051863784938055,8.236445332525934,-1.0697352510345501
2000-01-14,1.4494983294209207,4.776705988622423,7.931186277044073,-3.429088161695235
2000-01-15,0.4197694493600441,4.364752990103042,8.576868056720667,-1.8331684038134142
2000-01-16,0.9795820572596984,4.493978434814288,8.216318525710589,-3.052759428457999
2000-01-17,0.31027511266764807,3.8868988955397024,6.138584036596977,-1.970795361386767
2000-01-18,-0.1375533838748862,2.890292363117256,5.910607162356617,-1.6634706119495204
2000-01-19,-1.3023074654612272,4.306506504169511,4.680356537116865,-1.4124236506958483
2000-01-20,-2.7255635917632537,5.646008619345745,4.308548555696039,0.5294921655875768
2000-01-21,-2.2313833725422474,5.423495390193691,3.9924717001310026,1.6005226580072514
2000-01-22,-1.150361181146593,5.839848629924397,5.103715676577655,2.488219491636328
2000-01-23,-2.0618757506515264,5.820876873910919,4.944218905079899,4.67718228471683
2000-01-24,-3.293381264507776,4.685844836673699,4.9963486590979915,5.518561091393638
2000-01-25,-2.86807048751443,3.872540135465632,3.7367613312548955,6.328568997150952
2000-01-26,-2.4300112789502384,3.776624721258958,3.4966483757507536,5.322578627343589
2000-01-27,-1.189890005365922,4.336777038288853,2.8541520631063726,3.914627310190479
2000-01-28,0.6853732048385655,4.025885766296195,4.009344551334263,3.280066510787161
2000-01-29,0.5797797248407559,4.815814057664435,5.466267682638095,2.5235270130015914
2000-01-30,1.3322682956654162,3.7008745713552806,5.384967869630329,3.611033985232801
2000-01-31,1.2446007912127335,2.8784531311476065,4.608345286471412,2.6442082556913498
2000-02-01,2.4093767372634183,3.6424089288087593,3.9783076164201625,3.378061214961905
2000-02-02,4.533055318541769,4.679009361269632,5.56539864395511,6.355478707683755
2000-02-03,4.061008783537192,5.016004459500364,5.103900265268592,4.834507164020629
2000-02-04,4.553019818815015,5.714661591235062,5.3635143155072225,3.7425724266333287
2000-02-05,4.214738283514063,4.77274815181798,5.778282764543346,4.159533292548016
2000-02-06,5.191927246337679,4.636011978011221,6.045801388581482,3.013078490540078
2000-02-07,3.21957685616681,4.333158132047175,6.776017380997031,3.0577713770791624
2000-02-08,3.0835716225481065,3.7355333299968514,6.834655489957125,3.2589168244731193
2000-02-09,2.7431408856026236,2.966094102090615,7.1626594780919834,4.262708480545868
2000-02-10,2.7306058805059314,2.9141607467372177,9.060566742865655,5.187834476405751
2000-02-11,1.8876036516755579,2.7135988141620153,10.260952243919872,5.324890528913674
2000-02-12,1.0386461737461903,2.101077614925521,10.333087570083363,4.736342393123748
2000-02-13,0.9459560522684609,3.050388631638759,9.696020696346167,4.268099571699095
2000-02-14,0.2820000982860381,3.5570993365129864,9.106459571008381,4.374683798280003
2000-02-15,1.1877446827808162,4.847353209162619,9.367990924576201,3.2314149539415253
2000-02-16,-0.08236015050260659,4.738515268015613,10.197114078061006,4.373114396043537
2000-02-17,-0.8048785651284501,5.506776699867331,10.44277743556366,4.073114008407439
2000-02-18,-1.0940134361331806,5.97357772209309,9.32056266401197,4.2552931090074395
2000-02-19,0.4886026539112356,6.4930291210284405,8.973535300879837,3.8080344974737805
2000-02-20,1.148404962996524,6.320093167119649,8.992610919452025,2.65552340334199
2000-02-21,0.40838637874312655,7.966432400149953,8.34150022548317,3.796563932651419
2000-02-22,0.6384186236029356,7.6364534151341275,7.721519845323336,3.0677280076034252
2000-02-23,-1.144024564335146,7.7321900951454685,6.2982187275686705,3.0412621359762126
2000-02-24,-0.022396527589253923,8.471510718202133,6.626265540710223,1.3585907433600393
2000-02-25,0.7067531404216859,8.014630627677485,7.166391246814005,0.8217607600625337
2000-02-26,-1.0046284168637345,8.44016099017674,6.4155728759375625,2.0537450227541045
2000-02-27,-1.250494166074792,7.442344106403374,9.285687948772729,1.7213654964094294
2000-02-28,-0.25100408359184,7.92220445305796,8.928564217452191,1.3274379172838215
2000-02-29,-0.5007464349559025,7.896644878222967,8.590713734836465,2.3725114515360635
2000-03-01,1.17165878874885,7.347358029282415,9.607426092126417,0.9845693960533148
2000-03-02,0.18920644599730962,9.058370967722684,10.962821478443294,1.0166029539479409
2000-03-03,-1.2698274817910042,9.473636544612878,9.435929824222503,0.7569827312766411
2000-03-04,-1.1384960689470902,8.66152703490683,10.619664375496075,3.259658715132792
2000-03-05,-0.7137008882151519,8.396723942066625,12.128189451839877,3.268431444317103
2000-03-06,-0.2051267029575553,8.533789314627004,12.964429966485513,3.7227043940930886
2000-03-07,-0.038726532229587024,7.704805036789318,13.962016107601492,3.987238557316305
2000-03-08,-0.06397086789365149,5.946769989982849,14.872840690194707,5.052375830970733
2000-03-09,-0.11324613204338016,6.567940591609048,15.918406133000557,5.454855956384432
2000-03-10,0.6376226158000743,5.011285450538778,15.33365002852981,6.721696152087631
2000-03-11,-1.3625250326957756,4.136097115040106,13.896425725974193,5.600951018566348
2000-03-12,-3.1705081600068326,5.342067314857956,16.00199216355125,6.868537782984901
2000-03-13,-2.3112286087307563,6.98424930705229,14.947304806555524,6.726162918313909
2000-03-14,-1.4577437166054616,7.634240217801084,16.41932966238329,7.41267143770936
2000-03-15,-0.6545059182180841,8.592032499172767,14.327884713087741,6.746174570102324
2000-03-16,-2.493210439003179,9.213753053119843,12.77980799432785,6.065153695658384
2000-03-17,-3.214619103637395,9.871771808086104,12.176195408659018,5.125835270825179
2000-03-18,-1.9475472910418874,10.377813255845766,12.09621054844261,6.9407273800483855
2000-03-19,-0.9573772798369933,10.081493690827427,12.442131746403604,6.106846177956673
2000-03-20,-2.510184456077295,10.751027382810285,12.949494958502338,5.489029029333016
2000-03-21,-1.8166570389272538,9.792197956348694,12.930674879267135,4.984229452128924
2000-03-22,-2.5031963034210793,9.95343642318357,13.641706384710783,5.018621600574657
2000-03-23,-1.2823169585213903,9.782974883763771,12.875534516944963,4.424380997734864
2000-03-24,-2.9099480207336885,11.888819979172048,11.974600565751965,3.6250897001805953
2000-03-25,-1.1559371733808348,11.071539829904335,11.760526103265004,3.7094480469475974
2000-03-26,-0.16924721189905034,10.346513210377799,11.337934274588894,4.003963907607815
2000-03-27,0.582424167328436,11.221004435787048,11.47478098326916,2.896358693656821
2000-03-28,1.661948146122264,11.680215943431834,12.049102139315828,3.087810351520725
2000-03-29,0.531977752076924,11.587643424834523,12.97680686243335,2.1884700586609878
2000-03-30,-0.3040636078294091,11.691378390009326,13.891722956037157,2.866334748233421
2000-03-31,0.9768314174533063,12.405344479276238,16.09639759828459,3.4148060021737314
2000-04-01,1.325678679261767,12.489820399623904,15.984843105944842,5.043440323834037
2000-04-02,1.897127678951194,12.155048304095601,16.05278202122449,4.556746917589215
2000-04-03,2.7562879965737914,13.22488951817783,16.640767791042432,5.195039299119481
2000-04-04,2.939480957728169,13.194674291193277,16.88356663051939,4.271807026050053
2000-04-05,1.7288601206239884,12.953510191630071,15.297754603755665,5.391464485934712
2000-04-06,1.5472307600564,15.813521403801131,15.642584460979066,6.0281487828860385
2000-04-07,1.9015868677282197,16.79186914931397,14.984627079980479,8.014736111871574
2000-04-08,3.482080075528797,18.632297050968536,15.831688952577688,7.911320785500141
2000-04-09,4.57595998948546,19.075450454614515,15.436638895344407,8.412662290967033
2000-04-10,3.0878725383243006,19.719693265369553,15.270154104811834,7.5260319863577285
2000-04-11,4.886482134542489,19.820640952795898,15.985025785397676,6.968193406964047
2000-04-12,5.743488308297683,20.455731253629235,15.331064647787715,7.302382321758702
2000-04-13,5.5061530534479814,19.939261159072224,15.436724464480072,6.610879249516142
2000-04-14,6.625625502786754,20.06563938544751,16.16330146888145,5.751108068729857
2000-04-15,5.390341497189138,19.085438506413194,16.7249536785978,5.723404575643339
2000-04-16,5.5822724038250415,20.205075672481154,16.69872412429982,5.84484110489444
2000-04-17,5.46221743372851,19.710789852425602,15.59724117227315,5.068600916150464
2000-04-18,6.446467977298489,18.244293890306437,15.612444259283043,4.763970175891464
2000-04-19,4.902559990430441,18.67384845411279,14.412620057092608,5.313818094764537
2000-04-20,6.078125936485881,19.126661158108774,14.502745177447107,6.316780974485161
2000-04-21,5.8895066272222145,17.853850653715053,15.049872677706713,6.9627489226583466
2000-04-22,5.717096790622254,17.476886709759945,14.779532203118201,6.99973787772023
2000-04-23,6.08677460003548,17.522775741555765,13.585818360234729,8.583504083623376
2000-04-24,7.073425748950306,17.350352284495358,12.470074656684869,8.107183105064948
2000-04-25,5.011731867342613,19.85134167969348,12.578870858589106,9.464197675256557
2000-04-26,4.979051297383812,18.21138933140926,12.91187098518252,9.480451915152464
2000-04-27,3.9373891473387146,16.70944225176899,12.56941326487735,9.747367089674562
2000-04-28,5.582378736451701,17.070317010178577,12.77016385730102,8.88010769289307
2000-04-29,5.326368533617465,16.34401563615822,13.997028668196734,9.302773800148842
2000-04-30,4.496565393736625,17.209356676096565,13.003094043100718,10.752701841391755
2000-05-01,4.421211756419423,16.837348124715028,12.66772592775087,10.632615733912141
2000-05-02,2.9578014893458495,16.76694289743466,11.353540221740337,10.239911551775686
2000-05-03,1.9802282031334262,16.16873687247137,12.131288201861556,10.874597892244008
2000-05-04,0.4844431993608349,16.898627022060918,13.26421136529341,10.508372251943102
2000-05-05,1.149431550297741,17.884986399858345,13.306612519477099,10.55416729054175
2000-05-06,-0.011750361242218732,16.189147742290718,13.391052581085054,10.27010221113593
2000-05-07,0.4671747456411643,16.22438679986872,14.11220841380037,7.568681800669661
2000-05-08,0.6934490673530638,15.045239113264797,15.28902669412377,8.24560861068173
2000-05-09,2.594971994570352,12.83916078593601,15.41253969411635,8.829069151838391
2000-05-10,2.8389304073324975,13.20463195477388,14.76084486278825,7.318559911523394
2000-05-11,0.5759358707190305,14.439600395706009,14.722829360756588,4.916167283430051
2000-05-12,-0.14695939462826857,14.438968746839892,14.101293953272515,4.550920416941497
2000-05-13,-0.9136135819345246,14.817976881167569,12.994719767742142,4.924613808357062
2000-05-14,-0.4942764104683771,14.338857390334345,13.177224936329983,5.403334262027446
2000-05-15,-0.9790540905987526,14.682494398496342,14.679775805859588,5.6703140468905096
2000-05-16,1.5656672978310526,15.194195921296279,14.765053211429493,6.6059422720584395
2000-05-17,-0.6409993667839178,15.5119826240764,15.517289196137272,6.637925528840906
2000-05-18,0.2655802705948367,15.395260151909309,17.039635198871192,5.84721524053449
2000-05-19,0.10879651020133269,15.05035861587962,17.415119961843022,7.550620505474997
2000-05-20,-0.33687509117093495,14.91744030193185,19.08524304866294,6.261079698277287
2000-05-21,-1.0010190600260962,14.946264910126208,19.906387392490497,7.583662256326213
2000-05-22,0.7545328632022446,14.966694628663296,20.070050782297603,6.830752470512975
2000-05-23,1.8246190591807678,16.063466137035423,21.586767599251587,7.445789869192699
2000-05-24,1.2586630165596944,15.538373201347603,20.17144890430737,7.049909207065129
2000-05-25,1.1286076362765352,15.474100726165712,18.346454722988696,8.684691817820807
2000-05-26,1.80793353489054,15.866367297131587,17.539122855940853,9.396328701131715
2000-05-27,0.8069292511509181,15.803381640936704,16.09440811356139,11.019183890746913
2000-05-28,0.3179135170093635,16.304187940378338,16.654888104661303,11.246768971896925
2000-05-29,1.1112513247854487,16.009170257223065,17.784081747777716,10.4921970069435
2000-05-30,-0.0806529199286139,15.279061296618586,19.182997354139708,11.926183324112085
2000-05-31,-1.0287881219802508,16.94458667345392,19.5100885074094,10.99925461162011
2000-06-01,-0.840766636200861,15.267554128058158,20.023412598946727,11.265520081403855
2000-06-02,-0.9864160159658206,16.034060775684807,18.40372317251169,10.662678424209197
2000-06-03,-2.26470632319503,16.45501396336138,18.32114678082603,10.579056175622304
2000-06-04,-2.9179991806487853,15.745946369488347,18.150424025738626,9.17085459086494
2000-06-05,-3.4677622554959697,17.06146600360175,17.800402816341418,8.269389132266387
2000-06-06,-3.692616256928878,16.52660990501121,18.372346744736827,8.08066913116989
2000-06-07,-3.079662470896358,16.580591449082284,17.24174759275861,7.867877856440616
2000-06-08,-3.7523531976930493,16.000589833750144,17.53215962258054,7.504981204341699
2000-06-09,-3.3470017706703477,14.607200225546054,18.50908048622164,5.106756282605813
2000-06-10,-2.6425401879872883,15.336436318035288,18.027051820414115,5.9411227302142295
2000-06-11,-1.2355825313815514,14.920784783926905,17.848887185434,7.034236172593099
2000-06-12,-2.3125979719587604,14.722851506450949,19.978635502242792,7.315588133121979
2000-06-13,-3.5760699979456234,15.650914770456117,20.438250209919087,7.1786330010973245
2000-06-14,-3.815636999374103,17.53884724417622,18.782037542737513,7.066874091202447
2000-06-15,-3.4218161013057546,18.123190825984903,19.20168492789191,6.128835068015288
2000-06-16,-1.5208769016709311,18.046507133187056,19.96566094058016,1.554071568700615
2000-06-17,-0.320343923187278,17.273074798111,20.838353922899202,0.4389096448477796
2000-06-18,-0.7249543919793415,18.849679614363723,20.40603195265801,1.3761781001994442
2000-06-19,-2.04445966228665,19.29124888868309,19.620710462919934,1.4587095239992922
2000-06-20,-1.202511844422912,18.910250124969664,20.058266857187718,1.1643128495607558
2000-06-21,1.0758021102117237,18.87248905234946,19.78479034738589,1.5176078633715429
2000-06-22,0.07535579688610783,18.361456722514802,20.78127741351109,0.5976963650170172
2000-06-23,-0.18630431524948887,19.553310243699947,19.378916874177083,1.8127637960805756
2000-06-24,-2.166387039869077,20.09625282656809,19.551466474941627,1.061775510790517
2000-06-25,-2.762685713562506,19.94105408927055,21.478913955582552,-0.2770659930997108
2000-06-26,-5.261139492861544,19.770110561283236,21.687968049149195,0.25385444160322634
2000-06-27,-6.127810592049122,21.57554860930745,23.497471039318143,1.535337288859267
2000-06-28,-5.306778790222755,21.66094068155788,22.88940515043598,1.1548710506694175
2000-06-29,-5.155474245900209,20.4087430801776,20.707004466536162,1.4672092829063246
2000-06-30,-6.55529944710864,20.369140371936084,19.623567042573647,0.338530135958127
2000-07-01,-4.760450219246339,18.931087663889866,19.41954028450678,0.05231500659351873
2000-07-02,-4.510015545999829,18.83496011139282,20.07108066472019,1.3560839396673177
2000-07-03,-5.669421952781098,18.78754371092986,19.420082471835954,2.976249548397479
2000-07-04,-6.665227409963665,20.684471150021437,16.604175731996104,2.7880059780591693
2000-07-05,-6.843685173621769,20.927928254813096,16.5239647489658,1.7655826178638696
2000-07-06,-7.121792225497614,23.127859532010962,16.48055998772103,3.0134660574749184
2000-07-07,-5.37080543128401,22.017103730560294,17.411338483384014,3.990351649859851
2000-07-08,-4.457515445010793,21.457258500813698,19.47859208749637,5.354223142631428
2000-07-09,-3.30445465045055,22.310649962694463,18.309543809877006,5.002854699582302
2000-07-10,-3.109188689701637,23.847676778513485,17.819585926556204,4.594041367531285
2000-07-11,-4.421707153161037,24.56315721007307,19.188399044920807,3.8932998583990814
2000-07-12,-4.810271737742167,24.864577193511042,18.275281671954673,4.298216594431871
2000-07-13,-5.812140795593709,23.530589033141688,17.498795571290266,3.7365045889476267
2000-07-14,-5.380254639341693,23.95387138906437,17.633271341709253,4.32672766488915
2000-07-15,-4.976590466773447,23.242021486528337,16.971083909652315,6.340716574121316
2000-07-16,-3.8025522851631477,23.886563033196317,15.127588128971722,5.966581414294435
2000-07-17,-5.138868186619751,23.71274879559564,13.841223301200401,5.78972779465436
2000-07-18,-6.588990990404294,24.964635571958333,14.258957507163025,7.1549793897256215
2000-07-19,-5.550447759145229,24.709746861962156,16.039123658409455,6.581944804807388
2000-07-20,-6.170903287396496,25.300516634598267,15.482156411439957,7.12683718890965
2000-07-21,-5.03995836672546,26.46027043157801,14.537315695885017,7.603764262214972
2000-07-22,-6.818667398367226,25.612478144195595,14.368147539295839,6.607343273984917
2000-07-23,-9.041820198958503,27.107505136681432,14.668295872157795,6.282348239935434
2000-07-24,-9.312709415693698,27.482088315832065,14.204206066602223,4.84699952641826
2000-07-25,-9.749227338565818,27.27966121730829,15.780260127755314,3.7386822567588025
2000-07-26,-11.15505694925633,27.772097006022708,16.62133412077658,4.130806197888591
2000-07-27,-10.813062901858071,27.599943214743217,16.505791597536277,4.615418694710314
2000-07-28,-8.375582739693403,27.73432711719888,19.511709607382013,5.394228661705287
2000-07-29,-8.369116754031486,26.552816689815916,19.501170823190975,4.596744556222694
2000-07-30,-8.254687961775941,24.795559099907834,19.385413670747965,5.641024728758417
2000-07-31,-8.44008405910172,23.63489616325719,18.475914229606815,4.426331645998017
2000-08-01,-7.428958756552074,23.978908077160757,20.023971148881156,3.921680297696359
2000-08-02,-6.57329921909984,23.536336073518672,19.25675418852729,4.031323396711157
2000-08-03,-6.106137482548366,22.346446137274345,19.02191818259917,5.910013226082134
2000-08-04,-5.908338475689587,21.999536714791493,19.949431580354755,4.887851254320381
2000-08-05,-5.443959732040351,20.084882350669066,21.640475338776604,7.175139295628503
2000-08-06,-5.168545486876404,20.213793563431995,21.565102920041955,8.042192144203355
2000-08-07,-4.9387044150701325,18.364546580539876,22.238721134332394,7.134508421888584
2000-08-08,-3.6021234734283487,18.713487043370133,21.874170444167248,7.037119091328201
2000-08-09,-2.9278613340884445,17.06009252236276,21.509929705871585,6.020435058473193
2000-08-10,-2.6255996479611303,16.776172259692284,22.320587060354654,7.0828520187107245
2000-08-11,-3.0881082173142604,17.68719960461146,22.98142654193201,6.021298832070853
2000-08-12,-3.8751666850286384,16.933988082791828,23.539485316509296,4.425126555763608
2000-08-13,-4.653644906003636,19.207627074982973,25.680419029213134,5.08834688388583
2000-08-14,-3.787294410516596,18.241004604498766,27.2914802784069,4.548090557402888
2000-08-15,-2.3060435478453356,20.51505955769977,26.677897462065623,4.836900672369699
2000-08-16,-2.6633825229307715,21.469564588804552,25.60076161643785,4.828305677887731
2000-08-17,-3.2238836664481365,23.03976604483329,24.529689804255213,4.906563079925602
2000-08-18,-2.81548572729896,23.335152764275648,24.47732387577767,5.865056275581752
2000-08-19,-3.7596668598594043,25.5643996518813,24.360503095957473,6.142190075079789
2000-08-20,-2.9381846186736302,27.91117262186789,22.345858657503214,4.932278812427578
2000-08-21,-4.552891719936656,28.36544131045388,22.193821836816745,4.179880264409408
2000-08-22,-4.3676515392498425,28.013858975503805,21.133041512260057,6.3583262937082985
2000-08-23,-2.3775260759450063,27.106677644078722,21.263019063559327,7.45804983165929
2000-08-24,-2.9582751670633414,26.970794826519345,20.567897048896626,6.6702003488857535
2000-08-25,-3.621803144457983,27.503604065573832,19.097146699312084,6.9396614159873575
2000-08-26,-4.945190113646587,28.767052136855842,17.714801705858704,7.775641227550735
2000-08-27,-4.470602391627061,28.278415988073263,16.588799902565064,7.923504936822203
2000-08-28,-3.241044028086521,29.649397616660572,17.875880791246303,6.789225443818787
2000-08-29,-3.553150603110404,27.025791959958404,19.09729000966889,4.264580485680108
2000-08-30,-2.2358148366887862,27.02999002146423,18.557271645517588,5.1315255794290175
2000-08-31,-1.3174568731278216,27.911258779320566,18.51865441042082,6.45511593007915
2000-09-01,-2.8637066803279945,27.803306266588,18.670941640130337,6.523044395405111
2000-09-02,-0.6934428023742552,29.25740613189023,17.26486479678517,8.03479711751056
2000-09-03,-0.9456308003008438,28.315211350648184,16.75896653378111,8.526383925396168
2000-09-04,-4.441327903488454,28.649513083712257,16.349732036832556,7.449086318948985
2000-09-05,-5.114254242757334,27.525542065076795,16.514496017392432,8.016911228787773
2000-09-06,-4.585535815119739,26.047526214272384,16.989491759686317,7.986694698992512
2000-09-07,-5.045225684473016,24.7164236511661,18.07687503283341,7.795375498945989
2000-09-08,-5.349226468382212,24.318846512038657,16.524697870541775,6.859370649536897
2000-09-09,-3.3026919892949254,25.22826557221358,18.29980253651155,7.1095775746362095
2000-09-10,-3.7238503709915936,25.31651772927602,16.27034796706448,7.343804239332729
2000-09-11,-2.7906178264145423,24.686421250344395,16.978337651165383,8.761104404437
2000-09-12,-4.164962502223998,24.41245837866905,17.78810946444666,7.109461990115598
2000-09-13,-4.985816961442146,24.109537463203406,15.425845370847915,6.4457362420646
2000-09-14,-4.822762231713342,24.278053978963953,14.304281107674289,6.761622714197805
2000-09-15,-5.471545763639918,24.46783751266439,14.343462058746203,6.971452823272057
2000-09-16,-6.105629917476487,25.278794435195774,15.413440772600037,7.195993001804309
2000-09-17,-5.503319519841906,27.221084581781035,13.754367132378128,7.489114730897861
2000-09-18,-4.769199765298322,25.001852681168632,15.178612815292587,6.610973814455438
2000-09-19,-4.973280152452269,22.772938665862423,14.805058610753548,6.375980186596917
2000-09-20,-4.581615151305957,22.957604273314782,17.87023387208002,7.996929734226084
2000-09-21,-4.698747789884918,22.35722731874074,18.583667502470828,8.573531995774578
2000-09-22,-4.394328916137868,22.69461941139578,18.339356874286665,8.3182884840769
2000-09-23,-3.8407179892009813,23.27593467703483,18.223766188945856,8.460806582402626
2000-09-24,-2.8354695200000077,23.49533139442875,17.58219585626571,7.021044914882337
2000-09-25,-3.6452905177193586,22.265392409607035,17.55802229717153,5.659496369290395
2000-09-26,-4.3041202166069725,23.02355178002474,18.454125161311598,3.859436092147087
2000-09-27,-3.646147432504442,23.575309725049582,18.34354389428668,4.5231555772776435
2000-09-28,-1.7128619544616757,24.60960471818274,19.840931139350772,5.440258870187707
2000-09-29,-0.9778047165608611,26.534458528625613,19.308477990311545,5.615162202190505
2000-09-30,-1.748669060280583,28.035384630534146,17.734168346691707,6.167422530151734
2000-10-01,-1.7790030846592082,26.009697621877315,18.147870309103276,5.568514750916548
2000-10-02,-1.447653633482279,27.85074846251649,19.096436067986627,4.9860963269191245
2000-10-03,-0.30225252683979265,30.176629616751818,18.510745351640683,6.6346484462024025
2000-10-04,0.04579148030969671,30.662140013870395,17.32785019967126,6.3135385917306905
2000-10-05,0.22848344933298062,31.367738238147048,17.85055963316284,6.261481165454313
2000-10-06,-0.22508745273561112,31.762580116836368,17.114032391500594,6.022984973496125
2000-10-07,-0.09982316166903038,31.7516794563392,16.352278411247113,7.787686535543658
2000-10-08,0.18375875528696167,32.015108227176064,15.040215151753896,8.153482328231753
2000-10-09,1.0452502977962093,32.654141125552755,13.452364615251277,8.498506947908032
2000-10-10,1.1894919041753258,33.239053815968475,10.336240154036036,8.61843336483333
2000-10-11,0.045811601087504705,34.29718392789201,11.42102429740794,9.395166728896086
2000-10-12,0.7499019487203767,34.0424447180896,11.067753170395829,7.966942453054397
2000-10-13,0.8635216110527079,33.91087000077648,10.866244108749035,8.489874376652491
2000-10-14,0.8903044796614423,32.34746858451121,11.803283064867202,7.456276320516825
2000-10-15,2.7058658620150573,32.481102759685754,10.945503337305158,9.705955497245409
2000-10-16,2.2598503662968104,32.09825747844312,10.559591855899296,9.323976843210374
2000-10-17,2.113599113864535,32.738879194414196,10.500696790787673,9.146393391406868
2000-10-18,1.8860862851697349,33.86453663233822,10.708600621436295,9.157356102962243
2000-10-19,1.5367330445953937,32.201370245006174,11.081806338200405,10.68470872331148
2000-10-20,2.579932067323421,31.239924891346337,9.954570779050604,10.996391392526624
2000-10-21,2.2418818949933663,30.471917996355742,10.519075657884997,10.432492032611185
2000-10-22,1.4059665711522058,31.267823029526806,11.066981556322087,8.536826165897569
2000-10-23,0.286123027147722,30.396700079657442,13.0090709268972,6.975617949803735
2000-10-24,-1.9795531074731538,29.042579482185406,12.907921858256024,7.363353130222038
2000-10-25,0.5399566971395882,28.21599676431452,12.39470527396196,7.0513720911962565
2000-10-26,1.6007276669239927,28.166165565105498,12.668880528611615,5.716568001467953
2000-10-27,1.3813324106815337,28.72944422450359,14.216934128659323,4.645945514155005
2000-10-28,0.8088892581929734,27.588064770444458,12.524613582969943,4.8911622199451905
2000-10-29,0.5683380043068107,26.87594409181018,13.889201520541729,6.781935144775089
2000-10-30,0.879946636468034,25.42293285957478,13.490166529637566,6.254484219848533
2000-10-31,1.3524795465791422,26.05260188280632,12.87896009035543,7.720638761439103
2000-11-01,1.0936183427839308,25.382485890764332,14.079845470470772,6.76072414114895
2000-11-02,0.6412949000027448,25.777778495789065,15.361637299026683,6.240159326361859
2000-11-03,1.2171620112934989,25.292352002846254,16.919586511926852,7.700070823863109
2000-11-04,-0.30218737303549226,24.949914120861052,16.4904530437541,9.434243541716251
2000-11-05,-1.3752686467842383,23.752183321537423,16.93305786877043,10.011417654154526
2000-11-06,-0.6505184466693803,24.025721391659594,17.11192589321506,9.240375059166471
2000-11-07,-0.9982140416659813,25.635830904976427,17.69501308254736,10.99206668946826
2000-11-08,-0.4728780334424112,25.67493257834037,16.47764543517794,10.23074529770628
2000-11-09,-1.261188236470064,26.634465852611342,17.180557863860933,8.913631005454427
2000-11-10,-0.6909308251175428,26.193393083085283,17.865984051535264,9.292103216990402
2000-11-11,-0.6886039782412452,27.251246704785224,18.010387373981104,10.203182811709093
2000-11-12,-1.7349353703930332,26.689735057961922,18.229319741269062,10.048160491739472
2000-11-13,-0.081016508274381,26.65023902677549,18.271799534346627,9.827526191759587
2000-11-14,-1.6108668631260403,26.173029085353846,18.239949611358185,11.16462283484754
2000-11-15,-2.1596275540720207,25.705648130162555,19.497613274617493,11.1292085147979
2000-11-16,-1.7601988956558368,26.94803966696848,21.621751949126384,10.902261886316634
2000-11-17,-1.1011644298561676,28.276618629472605,21.477034096180535,9.570478475404807
2000-11-18,-0.7513655989355429,27.98741922239775,21.437269879137645,10.147658528140134
2000-11-19,0.3201114001454982,27.069191989718284,19.886986542919537,9.567515599044121
2000-11-20,0.47771537724159163,27.120128303457083,19.65165848978369,10.76028976070981
2000-11-21,-0.2734388678994135,27.739330056930218,21.180289859976014,10.545279298409111
2000-11-22,2.0329704903055275,27.051438245393438,22.52620208869325,8.9695254281575
2000-11-23,2.596249561607536,28.1730473420661,20.933525984683836,8.346128584893927
2000-11-24,4.103963893434662,28.00304671662834,21.57132256374844,8.518476232403648
2000-11-25,4.730274794585506,29.317902145898742,21.140022545523244,6.5949578377583356
2000-11-26,4.586574862824732,31.0351836820709,21.064886593242687,5.785624659187528
2000-11-27,5.943542775117093,31.78672481977818,21.917931615865985,6.426000790976496
2000-11-28,5.459101696502827,32.07199343479178,23.313946491138317,4.8920514697248185
2000-11-29,5.040776551125727,32.2055282162711,21.601027411324594,5.188375542049689
2000-11-30,4.659878327164019,33.25152976747498,21.36017433816878,4.434314565614178
2000-12-01,3.3647459980406738,34.51322209032162,22.879550388777986,4.476622223106003
2000-12-02,4.572897449958808,33.17699724032022,23.763028291128556,5.747223807953709
2000-12-03,3.6449109487828393,33.071857106392166,23.27841271388646,5.762798020856944
2000-12-04,2.6193958222597655,33.28829141461845,22.970556004450813,5.695996281812303
2000-12-05,3.63657332448006,33.65943508751718,23.338358494265716,5.717091704484105
2000-12-06,4.970181810346102,34.374727301370626,23.28249354062355,5.078333322194851
2000-12-07,5.48490722621436,32.16149618297195,22.819704024284462,4.935423519046947
2000-12-08,4.722712551573861,32.3609802634181,23.162220597853498,4.5869062369377085
2000-12-09,4.594024048259958,31.182078206439353,24.45123239369832,5.91026317169353
2000-12-10,4.166858417179298,31.3775061048999,24.74240058900624,7.046686226957487
2000-12-11,5.0234550165809715,32.26071199811402,24.43020792273208,7.459120845018264
2000-12-12,4.499518519195101,32.07239771503718,24.254847770009725,8.16188067165584
2000-12-13,4.952521385699845,29.206318569893725,24.73009855546577,8.40127370296527
2000-12-14,4.6655754649132986,28.530207550573333,24.827266085905453,8.465803174182145
2000-12-15,4.486354452412049,29.46377891723987,23.455412728929893,8.274110498685905
2000-12-16,4.856137086712473,29.939512083636615,23.8169038864551,9.566357858855994
2000-12-17,6.483288205017963,29.37365643836014,22.600523016065726,9.34786650342554
2000-12-18,5.869379445231225,29.94272269475178,22.888462173022496,8.254607754548239
2000-12-19,6.3548680127027035,29.752204543861552,24.86184425704949,9.046124711728222
2000-12-20,5.7660605984073,28.66728177552564,24.12454183589916,9.78124076675255
2000-12-21,5.509086548629176,29.15934437664716,24.530903137789178,9.498377183957045
2000-12-22,3.7897990413740184,28.04443572936777,24.82351015575081,10.163899201683476
2000-12-23,3.935452890334085,28.384287244678923,23.105579501393528,9.175745000701601
2000-12-24,3.0502271227658078,28.257148327902033,22.44779615240093,7.392638382053262
2000-12-25,3.586115595033843,29.088263521305365,22.83636317093407,6.800734618253707
2000-12-26,2.484663605878322,28.143693867759232,22.374668573895814,5.86147001437357
2000-12-27,1.0380387857316276,27.478108489815128,22.954841841958128,7.022362217164902
2000-12-28,0.5904343983210644,26.26705180185744,22.66110972950161,7.035131779058215
2000-12-29,2.847561146463515,25.14541526776158,21.78384244577009,7.2205070221661245
2000-12-30,3.5200885156964365,24.054992237360516,21.212946943002624,8.170097578254708
2000-12-31,3.5060386369016103,24.899532909806606,21.88381044939524,7.556044515748177
2001-01-01,3.2121722808952953,25.178677548782087,20.35371924697841,8.270046769593858
2001-01-02,3.5258645960004746,24.967984770769792,21.921943161971104,8.565983027781474
2001-01-03,3.354236199266178,24.31647958311106,22.94137143041449,8.844387097528596
2001-01-04,3.523296322724226,24.700213273290746,23.355694199434726,8.95205662000468
2001-01-05,4.124033227716733,26.370751483883954,24.494577583348114,10.917341714248945
2001-01-06,3.5255282576793454,26.68351154257438,24.777621689361457,10.984956257022034
2001-01-07,4.330624451071613,25.99781192173301,24.510040360322535,11.029269289198231
2001-01-08,4.143943976881735,24.87031323829285,23.596382522703863,11.772250731621416
2001-01-09,5.50494630430783,25.26150504131827,24.714470088110147,13.653264021114277
2001-01-10,4.092105371559978,25.343789383093448,25.890051789123067,14.208785679730472
2001-01-11,2.5896810878857273,25.101966402857396,25.560241373912728,12.158049167563188
2001-01-12,1.7165727356447578,23.991021248254118,25.34858316271357,11.413555863967837
2001-01-13,0.9002968163207494,21.807999200662714,25.775270101666628,11.517209208692394
2001-01-14,1.4135952869167752,20.589648743348477,26.886675001454435,12.629729787257702
2001-01-15,1.871018383980444,20.362806632926656,27.70838242028602,14.179633422985011
2001-01-16,0.7482939058773503,20.90065951338665,27.202766738486016,15.548857715331083
2001-01-17,-0.45281383310140955,20.84775176765895,27.18602323442093,15.481078608750366
2001-01-18,-0.48085592028301555,21.802959463760576,28.452754561652334,14.283513755489826
2001-01-19,-0.22488712158123592,20.1796426534179,28.292731845644244,15.357968743317326
2001-01-20,1.2031595592961986,21.727372256874226,28.032773839678075,16.364730114119308
2001-01-21,0.058368463755196,21.806066714466883,29.013205646371546,13.438119214694709
2001-01-22,-0.7825580922035877,22.092349900670513,30.447720989131973,13.329147274864798
2001-01-23,-0.9283982209765786,22.781565749265965,30.338342319316652,14.543007161235726
2001-01-24,-2.0103040089189,23.544937951849906,30.743083527938335,14.933508405234605
2001-01-25,-2.9048967240495513,22.908049641375392,30.692825037310183,13.887466962167862
2001-01-26,-1.5087519877309852,22.117015695606856,31.291601004141427,12.793462851763202
2001-01-27,-2.8898496230305932,21.443891187989706,30.834690929608193,11.892964988563472
2001-01-28,-2.608332907972435,20.01840484171567,31.585852873579892,12.142427022874708
2001-01-29,-3.9645846471278885,19.62963001076569,32.7061517825457,12.407768373547526
2001-01-30,-1.7983568528450942,20.247271326991555,32.66994377382313,12.80569851809077
2001-01-31,-0.7782061691288458,21.314539053745406,31.892711002970028,12.67296825499197
2001-02-01,-1.2873379873144624,21.44876270303475,32.97986596154098,11.627980110316996
2001-02-02,-0.3398037313161818,21.14001528591028,34.197823542704114,11.18679330581692
2001-02-03,-1.1407402579874586,22.263833813887512,33.406946242951655,12.165985474751775
2001-02-04,-1.8630646543512843,21.865732666145657,34.532842770270555,11.47276659101432
2001-02-05,-1.3002246722367068,23.403312719017705,34.066407087084244,11.930389639891251
2001-02-06,0.919281950491361,24.824265710002706,34.45477121316166,12.39185045755558
2001-02-07,-0.6640053637429046,26.06864732131412,34.16909229431538,13.686653191248885
2001-02-08,0.01976671301463151,26.888960481369867,34.609945316145115,14.33614715733832
2001-02-09,-0.28499104397311315,26.575070808444224,32.44515727840252,13.1076813256541
2001-02-10,-1.3374349639212195,24.442589571920948,32.141453830488125,12.534329108066677
2001-02-11,-0.9693180486592086,25.035145305188628,32.431979661923364,13.04623661887109
2001-02-12,-0.0038452765435090797,24.12652271652302,35.0333429193599,12.493070998631175
2001-02-13,-0.20590620837211937,25.195832290896682,35.88020499669345,12.35343841361682
2001-02-14,1.6230678922879953,24.825073689902304,35.74430275331649,12.220056283234669
2001-02-15,1.0701135864231301,23.68930529768633,36.29178489594319,11.977853919876752
2001-02-16,2.018642703685481,23.51042843325795,34.86408607798585,10.894081939196889
2001-02-17,2.229146760843709,24.268300564422255,34.30369613753818,11.28219145710385
2001-02-18,1.8519215672948983,24.007227056044393,37.07209767520433,11.95489889468308
2001-02-19,2.5917265635193294,23.846622566325756,38.01284346575367,13.89329105804518
2001-02-20,4.216346460325563,22.94403777072227,36.547190681096474,13.325401917986037
2001-02-21,5.020720325276545,22.42817306979745,38.290212746207196,11.885588473474236
2001-02-22,4.257586281950442,21.67454421796599,38.10384975033739,12.07934298158914
2001-02-23,4.643557295191574,21.802477571042356,38.911209267795385,10.875597562047973
2001-02-24,3.985181624792983,22.22468520886538,38.933797417449135,13.108638737757865
2001-02-25,3.556933615603597,21.994697315931447,40.747676719147506,12.342423393098597
2001-02-26,3.086541951367484,23.023611997630983,38.913241295409954,13.773318943264226
2001-02-27,3.101278398689836,23.901037243985094,39.25962476483786,13.809941563195467
2001-02-28,1.6090782348721815,25.135210479832445,40.00506215305769,15.19553822400884
2001-03-01,1.5569729902854215,26.057746398636297,41.34522453079868,15.008348887027116
2001-03-02,2.0250942497926254,28.27789889319963,41.706411417230264,13.148269298651169
2001-03-03,1.5571627927924523,29.797568978562907,41.44929289002324,11.21291076116059
2001-03-04,2.6872743589391384,29.29518247215287,41.73311840796142,10.509327753375437
2001-03-05,2.2788311213617836,28.659763198929074,42.14689018291943,11.141629265063875
2001-03-06,1.6130728039753754,27.655113387327912,43.16247851026485,10.844354051740334
2001-03-07,1.7176395707052452,27.00755707802237,43.067367456000916,11.808933916833396
2001-03-08,2.050117600439883,27.12359669280822,44.12039970488226,10.0552817528305
2001-03-09,2.0230029037595503,27.173051533311725,46.40108866663447,10.300700489484536
2001-03-10,1.0116642286056547,27.106926027898805,46.7601378754113,9.978477378228172
2001-03-11,1.7187384906152796,27.214192989020273,48.33810889885158,9.541947156259413
2001-03-12,1.3097637404475393,28.85365992996497,48.57050757176788,10.373247946280378
2001-03-13,0.9235255926294192,28.96268044201907,47.234738492884894,10.188389133194175
2001-03-14,1.0906746978648083,28.96645502432713,45.845716243922645,10.875752583136865
2001-03-15,0.32814838432621096,29.44663482457725,45.82856342994457,11.000556847392328
2001-03-16,0.6912500337880285,28.701336812330645,45.73233451103345,11.20811644602309
2001-03-17,1.7862850228165206,27.8961942351497,46.410134431092104,12.198493801652427
2001-03-18,0.3416125867076987,28.816318819983497,47.17883388170745,12.264674432378095
2001-03-19,-1.6101627353660568,28.21131156030686,45.77914973086896,9.833305633280949
2001-03-20,-3.111200373754672,30.628994538769255,45.70633933066513,8.433306954454046
2001-03-21,-3.381415228138579,30.806279732411642,46.46624820232736,9.117856837418643
2001-03-22,-3.777417242973564,29.845199401255503,45.886060505069366,9.133486785928344
2001-03-23,-3.197112577058823,29.275698574148947,47.26293168030669,9.171185098854734
2001-03-24,-1.449317364001325,28.239724959907686,46.25096101827335,10.18724253204064
2001-03-25,-1.345845879943942,28.08206371767351,46.309939437554064,9.034541876403559
2001-03-26,-0.5954241004433218,27.320796625240632,47.16570134016178,7.0432201936034495
2001-03-27,-0.6487814362688008,30.118650666542685,48.914620655250125,6.810382127764255
2001-03-28,-1.019980248916692,29.9498203707792,49.96379617763937,6.858533434558388
2001-03-29,-1.797439643309823,30.939584192810994,48.05669121314558,5.552637811208534
2001-03-30,-2.682283437896268,32.403606839234826,49.4314663145095,5.2268507112961045
2001-03-31,-3.0480071412268677,32.06129430492267,50.069688593337474,6.751210910950199
2001-04-01,-2.7726547150759173,30.617095036925992,49.18837353031609,5.304245936536045
2001-04-02,-3.382417014333896,29.820691991030046,51.71434665657127,6.507155696287084
2001-04-03,-3.145894370988199,29.507477285573945,49.845590227999374,7.988568062683494
2001-04-04,-1.892185232694607,28.958930482657806,50.79962429707477,7.417097967860026
2001-04-05,-1.6229234640155643,27.173384137587302,51.08624860207148,8.528640018073544
2001-04-06,-2.403238344182262,28.368058163615636,49.52833073466742,10.176001178661899
2001-04-07,-2.03691341965583,26.90849715221122,49.113100710693345,9.143120830652338
2001-04-08,-3.2003057789640024,26.601677590506934,48.401452903058086,9.847444975208669
2001-04-09,-3.4942964504204106,24.69781678347315,49.087446653757404,10.854349010281272
2001-04-10,-2.903525964428471,23.86503297928043,48.96849963082582,9.512939745775652
2001-04-11,-2.6186282696008263,23.710174759937132,49.17973808700374,9.641833058020355
2001-04-12,-1.7516828282002412,23.30676172001523,47.97316495179443,10.296438583131756
2001-04-13,-2.3580940032389726,23.09144797133408,49.0038559540444,11.564816441046574
2001-04-14,-3.3288342548696503,24.03423304099967,48.86282269410741,12.564456018561609
2001-04-15,-1.8502964553218488,22.65266195677188,48.23275360901765,12.16303921441263
2001-04-16,-1.5326458991445437,22.143566908232298,47.92182002289185,13.477574402703604
2001-04-17,-0.9675308528430173,22.805269470784573,49.19443152507873,13.351831153141317
2001-04-18,0.7161266546116305,20.51043944384632,49.277144241106,13.412328815565147
2001-04-19,-0.06908641476338251,20.636552901485583,49.29768863155187,12.251787410280834
2001-04-20,-0.5817034496386726,19.991819386085297,49.41378603112189,11.410148183066877
2001-04-21,0.13315382442032597,20.20899128379805,50.00348992858842,12.144570690190406
2001-04-22,-0.1112275035997724,20.44257145157288,50.37281406636613,11.442392980775104
2001-04-23,0.8293511711976265,20.567104318590896,51.027591158756096,12.140755299965273
2001-04-24,1.7071448985002897,19.501750617485598,49.00871201819791,11.652658274054602
2001-04-25,3.3444443107700415,17.281915688138678,48.707312795102936,11.117879912027288
2001-04-26,2.4131190715954363,18.218892066397736,49.53540242067428,9.861250435433856
2001-04-27,2.877340696357128,17.508103984364325,49.39652408130708,11.052904853854587
2001-04-28,3.548383609532774,18.710996671156007,50.31711999876137,11.017358823409086
2001-04-29,4.278792821957623,18.34292977271793,49.672046199758064,9.658206735108912
2001-04-30,3.187799133989847,17.793706005485614,48.270350625849666,10.233150166256742
2001-05-01,1.9907757512421833,18.842233652012794,48.59040264744548,11.724565982140252
2001-05-02,3.921999089485132,19.02852024880154,48.72432689866551,12.023621638635696
2001-05-03,4.369943023767973,17.899784369519598,49.04993170643932,11.150670330547833
2001-05-04,4.20543026659679,19.667494658149916,50.29030793897128,11.807189662315475
2001-05-05,3.994578782292116,19.537968817683684,49.549479267944854,10.501546499385203
2001-05-06,4.218625389699382,21.364116684227938,49.78176689405718,10.914871985787535
2001-05-07,3.2937186890893915,22.303524338532817,50.40586606361881,13.14234736537608
2001-05-08,2.1550474410040854,22.719116042772978,49.0216058132636,14.131374884102538
2001-05-09,2.2014059362736713,22.631187442235152,49.355659307743046,15.716020296715701
2001-05-10,2.7705292206417442,22.38197828164747,49.46632002973774,16.189592878354816
2001-05-11,1.613482766938407,21.493493518247778,47.77764156841979,16.609391766540035
2001-05-12,1.0576648491288965,20.741573906501284,47.82954005926601,16.571385199952594
2001-05-13,1.4102682787886247,22.12370357884957,47.812458492813505,17.058804049548286
2001-05-14,1.5760117080509455,20.998691328134438,48.52351475307962,17.45507090599771
2001-05-15,-0.29235676626689044,20.474434775728454,48.32977899011325,18.13854194622889
2001-05-16,0.10861294255380094,18.056922895800188,50.3783873542881,16.841206255004966
2001-05-17,-0.9502402049976322,17.967601001597593,50.08961885930178,18.596307940126373
2001-05-18,0.23329558965916308,17.622660822252325,48.682641507387565,19.500886118770357
2001-05-19,0.7102420787027641,18.28600525523873,48.52665311579591,19.56728432776648
2001-05-20,0.2111062358357909,18.906386710469498,48.30678413922671,20.24551354043959
2001-05-21,-1.1788926663189265,18.712140831037928,48.12823556141546,19.996480807473247
2001-05-22,-0.05249593577063805,19.51393981127693,48.46528660352369,18.76769476485003
2001-05-23,-0.045159901464229484,19.63178690295897,47.88522087288803,19.12395984985449
2001-05-24,0.326381821769504,19.6531038730952,47.44772498266704,20.48844829122502
2001-05-25,0.14058619842661316,18.053396906965858,47.11811133053004,21.81605257686099
2001-05-26,0.06505739672227186,18.609352746786023,47.40161659489254,20.46054070074588
2001-05-27,-0.6802508090353637,18.621452827772682,48.3717316980996,20.665171551472664
2001-05-28,0.44263354554820367,16.942425267718136,48.24135185165934,21.579383690904688
2001-05-29,2.642609422927213,16.20663239444601,48.900559064669636,21.08850841976909
2001-05-30,2.141259775653283,16.18674886851481,48.58505032287234,21.779027408073336
2001-05-31,1.3406763844114342,14.349076772069735,49.6451199983862,20.77849497594563
2001-06-01,1.6052097633727396,15.532515854318097,47.79352057887943,19.26067248806959
2001-06-02,1.4020692585452024,16.9603776778163,48.030498345065645,20.788868919756705
2001-06-03,1.6871173175850853,18.39199500731895,49.48022412309219,21.616890783666733
2001-06-04,0.9437631761018425,19.379490678739433,50.786405891001934,20.136072012903973
2001-06-05,1.4080584941211582,19.439571446116865,50.89667447195898,19.956984894693168
2001-06-06,2.0867182580860337,20.705372629791988,50.54942736292728,20.395313475945954
2001-06-07,1.0989120674137287,19.00586634778985,51.1667332914592,19.823718707181214
2001-06-08,-0.45600227729151066,19.774854389659616,50.479222244238564,18.39179657545637
2001-06-09,1.4932446586369528,21.504660771908874,49.827686144108675,18.95183185496966
2001-06-10,2.077649010184105,21.13975400860504,48.628460856175195,17.362861238391197
2001-06-11,1.1155992492513225,21.104283855114566,47.407779530474606,19.008023756065615
2001-06-12,2.141730336654963,19.719568390819656,48.48977278773813,19.3829050615017
2001-06-13,2.4013107043245308,20.53136001736701,47.87194264614638,18.189042871401234
2001-06-14,1.6899254074976937,20.35021854781181,46.25850836780828,18.546213499790753
2001-06-15,1.3738487347602266,21.629819079788124,45.4851996878572,18.514741532941912
2001-06-16,1.5344849478705826,21.104025864855465,44.18437357184386,19.835237222708127
2001-06-17,0.7800836764236264,21.1151411030399,45.15005751693939,17.57950423487183
2001-06-18,0.47198879082973444,20.738062684075455,46.240854866064545,15.702706667808073
2001-06-19,0.267554767329744,21.499132407809064,48.5622886011541,15.310401885198246
2001-06-20,0.8316652452774607,21.006530546544067,48.92352416523739,13.571515722699873
2001-06-21,0.4600215881829871,23.07021912692022,49.46781784575055,15.830676609478108
2001-06-22,0.7682155131643436,23.028440660804634,49.59559461222569,16.20179851022099
2001-06-23,2.4615673399186924,23.65246198384782,50.72569979663596,16.481987458925406
2001-06-24,2.6357115411950303,22.671397491664997,51.66961596663239,16.911156502281486
2001-06-25,3.377522502721564,22.212256116761015,52.83117566370549,16.88193909886772
2001-06-26,3.945194551193873,23.325275508241333,54.197478077460076,15.696934025312395
2001-06-27,4.421457126529183,23.540626453991987,53.23322875193934,16.33968543010124
2001-06-28,3.2149240148452547,22.88675814895935,54.202657542407614,17.575358090987415
2001-06-29,4.062604235110674,22.581318136699227,56.342987082764694,17.903947957356742
2001-06-30,2.3755443299624006,22.843682510011167,54.79520687408817,17.559057982759466
2001-07-01,3.2802430103199316,22.31155307089276,53.28179672195657,18.61723890325392
2001-07-02,4.221132201053428,22.142891894637312,53.9773320055044,18.17546648028127
2001-07-03,4.166915656813839,23.050875388785915,55.042096428554984,18.415338751362167
2001-07-04,4.0666027951723995,22.779411972136582,55.509471708491965,18.557473066581597
2001-07-05,5.148848841169376,22.09326740031367,54.78713231883139,17.627647510974814
2001-07-06,4.840983326052682,21.717109642160203,53.917512693532025,16.673422973142436
2001-07-07,4.904073984879407,21.539677003547318,53.6525636987628,16.3187281094115
2001-07-08,4.8903532873638325,21.821381258312552,54.33160533612194,16.606823741532136
2001-07-09,4.104866033535897,20.104897851126314,54.06250072931743,16.647656727372777
2001-07-10,4.92964787764662,20.32493592130055,55.22066123697877,17.115650741620733
2001-07-11,4.5598738327531665,18.129916815793486,54.280055388547176,16.846869274375294
2001-07-12,4.7166421383437545,17.803836347423182,54.14854733881699,17.96248873995894
2001-07-13,3.2146425001766437,19.452823716997365,54.329894840794246,18.215627722698827
2001-07-14,2.943666125984785,18.594925600305558,53.28713101995392,17.767478615284478
2001-07-15,4.0165193128768575,18.13650498550345,52.5097089995073,16.514474880930564
2001-07-16,5.5938080489827735,18.280121319593462,52.61833574355067,16.161024642764307
2001-07-17,5.912394374006918,18.566902287041565,52.05981027540884,17.518291426705517
2001-07-18,6.560992997563324,18.17700886541833,54.33392269223991,15.451387382270457
2001-07-19,5.861347063063422,16.841434025935737,53.39072900517068,15.032357900207085
2001-07-20,6.840822147721184,17.614509779906054,52.94353698215872,13.943308675599978
2001-07-21,7.693021842047862,18.359751209721463,52.60452906015649,14.163556520749156
2001-07-22,7.8818306116304475,19.299311243969267,51.53816866837626,13.350238929826512
2001-07-23,7.996890289440863,18.858945739719964,52.2860939856446,12.05330110401001
2001-07-24,6.767873296993574,19.440733649754485,51.77655151422025,11.862073070533407
2001-07-25,6.863741105677257,18.3113005668661,52.750474222967824,10.85759231202936
2001-07-26,5.695231194685806,18.404971015861214,53.278378583982246,9.281856097518283
2001-07-27,4.610708109007402,19.208769384370168,53.35096079944147,9.349008333639476
2001-07-28,4.728418139920923,20.200948758276123,50.65994317916741,7.979489047410729
2001-07-29,5.8991214580063,20.775113415196785,50.84738406493715,9.01719997758868
2001-07-30,5.49540261706636,20.875953764935808,51.925650874155174,9.386014262469565
2001-07-31,7.370026370564549,19.025640545520414,52.00223407303737,8.441900787883343
2001-08-01,6.395836641129799,21.37824976992446,52.48238939196912,8.451269993404383
2001-08-02,6.610055076282611,21.042588005830503,52.977122445244056,8.235074734476216
2001-08-03,8.830220883597253,19.290841711581596,53.86288049719688,8.347990031720451
2001-08-04,6.281412656942652,19.527877119834724,53.78223087086034,9.166543493538871
2001-08-05,5.125559141956483,19.919581877503425,53.71427392477277,8.597989284964083
2001-08-06,3.8798958157420236,22.4666527289448,53.09384217618425,9.97110427784502
2001-08-07,5.178540452222371,21.46720009117842,53.79449144155327,8.323045834836629
2001-08-08,5.18803424899711,21.212696882509743,52.84658917024124,8.668308459980407
2001-08-09,4.206447013080265,21.714548879648632,51.89580329789559,11.246781051322934
2001-08-10,3.872721693162948,21.16740300440311,50.15193025531405,12.194909569188878
2001-08-11,4.319495697813194,20.545402630209328,49.67836770999319,11.835327603258522
2001-08-12,4.892619365590912,20.649376396907467,49.07590340492139,12.950473871329091
2001-08-13,3.876662013481924,22.341372801688077,51.40852056820168,14.188271349170389
2001-08-14,3.780853600982201,22.8735246720127,51.295788149734705,16.180972408002177
2001-08-15,4.881219530713556,22.240943800207056,51.995904320616155,16.96429888673284
2001-08-16,5.013339131852048,21.95888065287647,52.42441601582349,18.20546169099945
2001-08-17,4.993070006249464,20.23717559411365,50.817481093025364,18.729689846008778
2001-08-18,6.347878005160617,22.09960840671308,50.13214448363154,17.646155491095488
2001-08-19,7.048667299182683,21.227821627374137,51.49023018675024,16.827058736116737
2001-08-20,3.604061861946592,20.763822906243682,53.40201188336777,17.01818721748975
2001-08-21,2.675813511765071,21.361126255736966,52.58358389005495,17.347530677684567
2001-08-22,0.08370650449396022,22.40549262613402,54.63814655357066,16.436486621320558
2001-08-23,-0.8791470947059652,23.153516872412876,56.1053201424114,18.06126436909386
2001-08-24,-0.8055482615795073,21.13831374978879,56.783913417946984,17.185124956129936
2001-08-25,1.1538092647636498,21.852358960476565,57.349151228983644,17.71243470178773
2001-08-26,0.6328847310598507,22.89457271040707,57.862422279763386,17.70503408045537
2001-08-27,0.2233108008641957,23.280442155756838,57.48160842503864,17.622320284390447
2001-08-28,1.156568524982946,23.101053344881766,57.51492918021693,16.93169475291952
2001-08-29,3.335306033556853,23.18627022334714,56.25767926229912,18.208928383373344
2001-08-30,2.8081817498132104,24.215850165541283,55.47899858660153,17.53359639915325
2001-08-31,2.4535315995453826,22.602442386564086,55.736767961272925,17.314091865463944
2001-09-01,3.185304571628599,22.876121389770727,55.20249318079302,19.07477547543923
2001-09-02,4.5413571125091305,23.34429289151731,55.522771002120244,18.965902196150182
2001-09-03,6.155232098931163,23.398230904696927,54.62974444939517,19.17809394039652
2001-09-04,6.084944418303729,24.36141383836089,54.568424714562916,18.348723159754556
2001-09-05,5.349998803996944,24.16049539258902,55.10809908806489,19.13837789976975
2001-09-06,4.3199963591930866,21.950224167544075,55.476738244422386,19.6656140494482
2001-09-07,4.840642200709482,21.76116977146261,56.169727161666444,19.02024156673873
2001-09-08,6.01563840057811,22.04557009982603,56.55202594437012,18.07467503128197
2001-09-09,7.967875473302051,21.409811949932973,54.27419767525928,18.45192907309699
2001-09-10,9.043660493054428,20.19499009656905,54.975749655057555,18.693946370854725
2001-09-11,7.871616127971957,21.235611967440075,53.214392404339144,18.86257864205778
2001-09-12,9.016794202580957,20.56344872790835,54.15785673869777,18.78204786422211
2001-09-13,10.57696455868393,20.343902571108792,54.12352587819485,18.879468999409056
2001-09-14,9.384685036089603,20.098394974601785,52.52786315044832,18.65576260730037
2001-09-15,9.912986707213095,21.796886502314983,52.644814912878395,16.977517562350254
2001-09-16,8.79175690164519,21.603771188000167,51.876960137726314,17.61618925077367
2001-09-17,9.981680554562525,23.973179511554143,51.78040657403147,18.188136195904047
2001-09-18,8.767096822686522,24.911805984239397,52.824770869613374,19.727588523487135
2001-09-19,8.847155986459017,25.856071570108767,53.44026324700217,20.615000503335335
2001-09-20,8.480080472834018,26.01275712481962,54.60549234023423,20.363671181988032
2001-09-21,7.132512878145452,25.838564514771658,56.225811069615276,21.537303727402943
2001-09-22,8.530663093192627,27.80112146916039,55.009158782968186,21.268426273016896
2001-09-23,7.760228781067571,29.252326953832736,56.13403460709104,20.99619575500968
2001-09-24,7.112418922669551,30.327608956204152,56.49168121379355,19.47424948395617
2001-09-25,7.567532186048792,31.531019950924083,54.77713024771188,18.77796334012097
2001-09-26,7.100563917072553,33.343482823993455,56.28139029392381,17.904460794178114
2001-09-27,5.166513787907311,34.421184975150375,56.88348659739696,17.59520914431531
2001-09-28,5.289991322002072,33.242933490626456,56.62225419639559,16.86607993499799
2001-09-29,4.890796544867678,32.551840116003945,56.57871843552326,17.500053485116574
2001-09-30,5.911247398280944,32.73779067935898,56.19454046269613,16.409713112675746
2001-10-01,4.239265018372465,33.553003425598774,54.683471310858145,16.636408327552775
2001-10-02,4.105015125308993,33.277692446053635,54.192752703998686,15.791996149293606
2001-10-03,5.202993937439745,34.02452824263217,53.990898119833886,16.28287573154001
2001-10-04,6.28790563267109,33.92102223853945,55.52377717051736,16.580463184498917
2001-10-05,6.109498239254726,32.9604661807557,55.07637600166854,16.08712580513232
2001-10-06,6.038814065990764,31.653733434202287,54.62333882278833,18.069653153151584
2001-10-07,5.867352742177577,32.74707034386866,54.39417982879301,17.164077852097257
2001-10-08,6.497066915265073,34.212198516847884,54.183476788323304,17.162652143072677
2001-10-09,7.560983075769679,34.04198236021923,53.1130589847772,17.693693243805058
2001-10-10,8.512616959148758,34.09936896319596,52.5428426102139,17.286300588073207
2001-10-11,9.734789080346976,33.76568555849194,51.50473810185026,16.638095254921865
2001-10-12,7.723257330292514,31.887700701440544,51.409073131198014,17.101939223237622
2001-10-13,6.317081493856874,30.40018829576461,52.06303978896241,15.833850888863205
2001-10-14,4.062425904834162,28.512684138003813,52.25441250440856,15.770886547738735
2001-10-15,4.792627453854093,28.178625663398964,52.28996222248001,16.211740064984127
2001-10-16,5.191063587610005,28.979578330867955,52.1850905924223,17.330925967593778
2001-10-17,5.90531698371565,28.228288024675972,51.856748613665886,16.23477681773504
2001-10-18,4.6428864908503,27.059544985936085,52.304266353989014,16.40645116429454
2001-10-19,5.3443578359660915,28.534778999773618,52.50846771294793,17.293388420027863
2001-10-20,4.397054813987644,28.506342864910952,51.88014590777943,18.455150664620465
2001-10-21,3.8480728290024433,29.552787124976273,50.82622446397071,20.486897943560272
2001-10-22,2.351844777654571,28.63198294000268,50.729588389496335,20.52063112912699
2001-10-23,2.4982219478095766,29.24813442605165,49.20914586150159,21.245582573774662
2001-10-24,2.1843396498894414,29.076752516484316,47.48388150790033,20.89297372262984
2001-10-25,2.0151092899679566,30.31521911772037,48.31265815783593,22.055028877613996
2001-10-26,2.6851634671737346,29.53137327774449,48.15957908519728,23.142933377294415
2001-10-27,2.4357274657715653,28.66882673718881,45.64915959550134,24.760832126827154
2001-10-28,4.41527583868287,27.9804634284972,45.0089320953754,24.810938068828346
2001-10-29,3.790828458327445,27.07391038730626,43.80045282978748,24.623358848136952
2001-10-30,2.8802873206413153,26.92887518468505,43.823350695018014,25.650880342752654
2001-10-31,2.919684636525282,26.074483050895722,44.36968791586357,26.680796700002443
2001-11-01,2.267638450475279,27.185712454884133,45.34071614326383,25.85729965003053
2001-11-02,2.044477596064391,28.077419702838178,43.772198116422416,26.281939023115616
2001-11-03,1.4555992302934528,27.111424440021395,43.93377761002445,25.894178223013622
2001-11-04,1.079971399192536,28.688143858726722,43.74733724032352,27.417981804367948
2001-11-05,2.0192618435672975,29.346827880657553,44.088432181176906,26.656817941582506
2001-11-06,1.7216248269057064,28.718788700060372,45.10653335523025,26.97833860821299
2001-11-07,0.3134495538769779,29.330967829532785,45.692019464774255,26.097730584286882
2001-11-08,0.3273540318741982,30.387101191947135,46.57544438316769,26.376895909531385
2001-11-09,-0.12387128816608295,31.186043904905965,46.74884538652195,26.229471550174893
2001-11-10,0.013628693837863609,31.698723087068718,47.54922694484524,25.492809497282355
2001-11-11,-0.4881114340387296,32.48019068764261,48.52135427690395,22.71030235156991
2001-11-12,0.7929295455194232,33.404655263543845,49.564756427961505,22.994518320346817
2001-11-13,0.18509999681837874,33.251552053995724,47.94879139183021,23.74625806126019
2001-11-14,0.46069020824230544,32.693961941949695,46.142954182104674,23.088027062215172
2001-11-15,-1.045242634722469,32.25179656909143,44.258127899466075,22.718525185909968
2001-11-16,-2.7366325047180755,30.47329213650575,44.61839460318476,23.739616511726343
2001-11-17,-3.3985573993279083,31.911632042813707,44.534293064913435,22.35767091203496
2001-11-18,-3.4978155213092497,29.735713615027077,45.06487508990955,23.246855592887055
2001-11-19,-3.013582811514151,29.276528102123855,44.910488611882364,23.824755377399317
2001-11-20,-4.516166520837675,28.321169794083605,45.73276794226804,25.16020436310192
2001-11-21,-4.565316367619486,27.323241356540844,46.059941719507414,24.112151201254427
2001-11-22,-4.93374564937849,28.295626541977704,45.62966758443077,23.181842845151078
2001-11-23,-5.819897105422164,28.766748626406287,46.22686680030144,22.67883469870005
2001-11-24,-5.900695433055789,28.47114644503406,45.18211994347954,22.04306174657411
2001-11-25,-6.2068354909752665,27.524329793897028,45.20075052057738,23.932701593281898
2001-11-26,-6.48655279830468,27.294268766238897,44.94315607184605,25.40506568525009
2001-11-27,-5.263064330646293,28.402804495962418,44.401922442853255,24.811276713706825
2001-11-28,-4.531322323941294,27.8678283126851,46.22341415199462,28.321213278843217
2001-11-29,-5.880889276192237,27.344506280957702,45.570560185188896,28.78297589433151
2001-11-30,-5.563825945221507,26.441014671908793,45.25484202711131,28.121228688349962
2001-12-01,-6.083593119985302,25.821334156125925,45.96481846143973,27.301529111884793
2001-12-02,-4.7901607629602765,24.796999741302287,45.95288977331005,26.75699365868214
2001-12-03,-4.593968225021839,22.808138669486137,45.64774296648429,26.657187766234408
2001-12-04,-5.220441769528969,22.368184980915153,44.47534624774582,26.428248096885778
2001-12-05,-5.530996927804315,23.030253811250912,43.76754921192946,26.227969935658002
2001-12-06,-6.3157641852285975,23.45019293120114,42.31584954870859,27.455455117645567
2001-12-07,-6.252085090824972,21.29266818116991,43.1958792754302,26.42077387085649
2001-12-08,-6.4776177610238115,22.105640117992497,43.628109178542914,25.66064684589946
2001-12-09,-6.992616084111707,22.2239824268796,45.11639449920423,23.995931810634822
2001-12-10,-5.194013651470621,22.196427611785165,44.31666013286795,25.96610491063609
2001-12-11,-7.230183554456991,21.205358576677536,44.222724702117766,23.872599469732464
2001-12-12,-6.223936904554909,22.185988675125827,43.19097734530347,24.643119952430983
2001-12-13,-5.702461456979957,21.105709140160382,43.878310770869604,25.722396379811407
2001-12-14,-6.567272517378054,21.683765392784778,42.93451068708138,27.151289110858173
2001-12-15,-5.8016247441468884,21.863797205272746,40.81047477505903,26.02661067676924
2001-12-16,-6.774888076432541,22.993802481556244,40.73580097066638,27.433379242862745
2001-12-17,-6.332811080121247,22.439634790375088,40.878817443060115,26.523394022244155
2001-12-18,-6.845620000030459,24.169643968982687,39.839646213836026,26.727498003223225
2001-12-19,-5.939955409836435,25.998487399095872,41.316164888691894,26.615845904898737
2001-12-20,-5.923554635240706,29.03204101906001,42.64045419322579,24.594909492525954
2001-12-21,-5.987217219813507,29.824471036542516,42.021260627943384,24.54638260694721
2001-12-22,-3.830212561401202,31.554716948624005,42.389622651134566,25.4257309205393
2001-12-23,-1.8150435301525314,30.398313166894113,42.43893643851892,26.067972717572694
2001-12-24,-3.311738518939534,28.657489631270533,42.419988633965694,25.79741651175795
2001-12-25,-2.9344336100904727,29.078619213935017,43.50482278319127,24.670015578500962
2001-12-26,-1.9567875375188064,28.74074899412941,41.62491218906087,26.16409212136611
2001-12-27,-2.360237981132885,27.447349734821554,40.8206853703768,25.79565607270581
2001-12-28,-2.1090191021426845,28.329755450550394,40.73088393358674,25.56044099771201
2001-12-29,-1.6333999624337863,28.070381025413738,41.592646449208104,27.120110505358042
2001-12-30,-1.757609736811113,27.84491076778596,41.41962708709139,28.95493758418106
2001-12-31,-1.8856056494940787,28.06778709092919,39.336726324985264,29.54009440707157
2002-01-01,-1.4349759524603611,29.013871278487706,39.05905765060985,28.837659321579036
2002-01-02,-2.4392622537093467,30.74801921415521,39.2839392134611,29.995189547032798
2002-01-03,-2.8884208635104116,29.952887769789886,40.26903120780742,31.121584614967833
2002-01-04,-4.016893108539469,30.057018842349922,40.055322419102176,33.27328658147562
2002-01-05,-4.337696552831745,29.462611079797096,41.831449152072196,33.01176494713277
2002-01-06,-3.586269717535187,28.22643004985824,40.425419997685395,31.257392069988697
2002-01-07,-3.595400551583787,29.088113419533514,41.51138843191132,30.05666922349232
2002-01-08,-3.639700118740689,28.124734778754224,40.77943655960914,31.014929898029273
2002-01-09,-3.5672318550308812,26.388475269689057,41.58790960206488,31.475915272029702
2002-01-10,-3.3578624225775893,26.179274902482724,41.30624421570842,31.695006794847295
2002-01-11,-6.437088184957721,24.838610375540448,41.186199185917616,31.115922282979724
2002-01-12,-6.260871139004275,23.46392484315809,39.36794619153508,30.47137648125954
2002-01-13,-6.504738507196609,25.557913009914227,40.613031538703645,29.99639857188977
2002-01-14,-7.8584600255296575,25.556370211105936,39.68943482541385,30.79860842429837
2002-01-15,-8.351526720063427,25.081077986182024,39.92812483109809,32.197247989314185
2002-01-16,-8.21235085637627,24.643343298864693,40.63417704796934,32.92974273089811
2002-01-17,-8.287929504083918,23.9836677507283,38.88948977202192,32.663279539982604
2002-01-18,-8.531362009628019,26.917158090502365,38.66332370553969,35.30068596762359
2002-01-19,-8.611440426883206,25.074620745107712,39.35977305306553,36.88098608108826
2002-01-20,-9.709199085659973,23.912456762273624,40.54812450718419,35.35550007769324
2002-01-21,-10.174740490916756,23.781824019771907,42.24089673966503,35.354843311853
2002-01-22,-9.745763465779,25.46266855277564,43.07328511010146,35.75940298822668
2002-01-23,-9.389134956789995,24.774497285544403,43.00443307935948,36.8421712187897
2002-01-24,-9.846399224970503,24.54774745956296,44.21219512804396,36.72681708123929
2002-01-25,-11.70766017975064,23.104987202699967,41.22755194320928,36.85011060340466
2002-01-26,-11.569882382617964,23.096940358497818,41.38628424150537,37.5312548961947
2002-01-27,-11.029555496937204,21.16645321564357,42.525446862414746,37.12434223005956
2002-01-28,-9.811201414854281,19.336751753165863,39.92167942797645,37.85108940998755
2002-01-29,-8.091231858657805,19.70384855712883,40.58816169135632,38.36163809075374
2002-01-30,-9.873960672446106,19.854730274195003,41.19434613495987,38.475151452531826
2002-01-31,-9.019875785702542,18.362390602739666,42.21556525245785,37.644263720104725
2002-02-01,-7.782701751609675,18.80599337996765,40.99855222371509,37.38332906395355
2002-02-02,-8.741394508429924,17.072408251506502,42.15645185015482,38.14549062735092
2002-02-03,-10.024713121796275,16.20953062941834,41.01653163725452,37.130407318239435
2002-02-04,-10.43317235039853,17.09350073616044,43.74374059730274,37.80087947161155
2002-02-05,-9.865492394576465,16.017998537759706,44.06500659977256,37.695538535058226
2002-02-06,-8.943146953600497,17.39049934018649,43.83975675874695,37.209965303923816
2002-02-07,-8.980884997547292,18.381683709103687,43.16240274830526,36.8533749423643
2002-02-08,-10.8145052145159,18.023663971386057,43.40219929950404,35.81726274731
2002-02-09,-10.988810678889829,17.880164243019024,43.39830554026509,34.50383881460694
2002-02-10,-11.26792037958495,16.582055026446035,42.840149893386034,33.65664235685596
2002-02-11,-11.404597486172205,17.21861324530633,43.548938925237245,32.80030220496787
2002-02-12,-10.981171751001852,19.500114263764804,44.024989895476104,32.36797631750361
2002-02-13,-10.46280535740319,17.75067671940859,43.10061220448224,32.825999896606554
2002-02-14,-10.078429030965248,17.00930311135615,42.075549388147955,33.05738366912309
2002-02-15,-10.950783974964999,15.375506874844744,42.6626861470802,33.838218161123976
2002-02-16,-9.57747389845185,16.861994326715582,42.02927349255527,34.89155577606608
2002-02-17,-10.848296712096586,15.941310458469868,42.68591829130563,35.025112696886374
2002-02-18,-11.458362587503295,15.034018792352965,40.883078754085474,33.97902081914246
2002-02-19,-11.322165183526385,15.315896506313917,41.182379459880465,34.99355220396798
2002-02-20,-13.037938944729712,16.652709583072934,42.00915345618595,35.25748228040828
2002-02-21,-13.920603524859438,15.316888026634501,44.13767911054561,34.024218610168795
2002-02-22,-14.177740355183547,16.10464924492958,43.57186727789257,33.4122363531952
2002-02-23,-13.282848998063018,15.134867212849143,44.17281840368463,33.566849191978434
2002-02-24,-16.9192786749631,14.762422006628123,43.661623944978444,33.2322233833241
2002-02-25,-16.57171852928373,14.446895378155148,42.72279331641478,33.800260049174376
2002-02-26,-16.478691850019167,14.73617940023171,43.09033476992429,31.835404157455287
2002-02-27,-15.901461391663434,15.329583278237422,44.54434825893347,29.95377931327807
2002-02-28,-14.660111934932637,16.002500049021798,45.43869313001877,29.411681117421583
2002-03-01,-14.828985034298505,15.624900045148578,44.00771333968955,27.746534654844194
2002-03-02,-15.13855329844176,16.872149619894923,44.38906015647027,29.411318790850117
2002-03-03,-14.954136492750736,17.749117196358483,44.681711000604196,31.250522582030996
2002-03-04,-15.24090469846017,17.476277517928654,45.2831718866414,30.544924802601702
2002-03-05,-15.222226376914536,16.050020601995417,45.10381561989917,31.1155873954248
2002-03-06,-15.242985811832847,16.275692272378222,42.22893783345797,31.637803518125907
2002-03-07,-16.273891292050692,17.642605972847885,40.622243664730505,33.26745143419155
2002-03-08,-16.3650424838596,16.771640813902113,41.76784969130938,33.75528177008888
2002-03-09,-16.630368702040684,17.21408658592458,41.30913526185834,32.119801110993585
2002-03-10,-17.038535425299646,18.151903161842533,41.02242890651371,32.33504913867814
2002-03-11,-17.333052257814252,19.51037872092643,42.058151364422514,33.84793497246489
2002-03-12,-15.912255241154606,18.903603978502648,42.03745962189136,33.16137515785193
2002-03-13,-16.803155716570355,17.77229753595209,43.711799873219576,33.95670595377198
2002-03-14,-15.827342968792694,18.678176183489544,43.9237179457914,33.897152867614146
2002-03-15,-17.103190936137608,17.029595689565625,45.22922548965047,33.56919918544015
2002-03-16,-16.150028050867594,17.366853559454142,43.77540591236658,33.66183295353559
2002-03-17,-17.70787425248303,18.115774778736434,42.120086331774125,34.12503704200965
2002-03-18,-16.97754960552454,19.122611787827882,42.621985020967415,33.87422680666324
2002-03-19,-16.397649163193584,18.931426176089257,41.85107689065547,34.82090634540458
2002-03-20,-17.357539271111158,19.414040140689178,41.93284887296965,35.2459238403695
2002-03-21,-18.022740944328408,20.547942847124748,43.29950960214328,35.35866005375309
2002-03-22,-18.514365974705015,19.47395790615622,43.260284579053355,35.66163013584144
2002-03-23,-19.712299990257556,21.130853072195826,43.11206132680976,34.56152558042025
2002-03-24,-17.760525475592257,20.260604971894853,43.68184261394885,34.40040268497309
2002-03-25,-19.056837180789074,19.993307572449165,43.07437162652967,33.70287679326902
2002-03-26,-20.391168400208304,19.540153895030045,43.44655862833925,33.96825320093779
2002-03-27,-21.93999527014971,19.250740599127052,45.08119789628309,36.1349090517747
2002-03-28,-23.217861087321324,15.348761139379604,45.51325166831326,35.82829152793744
2002-03-29,-24.78699735290302,16.666766367919024,45.7620547720843,36.251885970629786
2002-03-30,-26.470853265097023,16.445864954361806,43.32033459841632,38.36294401001408
2002-03-31,-27.27376078756547,14.263455679543561,42.91009857425606,37.857869434716235
2002-04-01,-25.50999389844749,14.390926729264695,41.46779855774223,36.66645530275207
2002-04-02,-25.66729632052295,13.54139795567299,42.45343564755669,37.446186926674045
2002-04-03,-24.463994198070292,12.865938624906416,41.4480138911008,37.07577775910709
2002-04-04,-25.932391968784273,11.897874409895296,41.2942112583719,38.78921522816058
2002-04-05,-23.913330567366206,10.726887529810503,40.72615198800035,40.08551550654228
2002-04-06,-24.161754810086258,10.336831232210054,40.41813493020519,40.26002145057633
2002-04-07,-24.01506694896146,11.104039263132176,39.92907717306632,41.399535975073384
2002-04-08,-22.549938319657954,10.156702657227948,39.70124197665683,40.69257188799597
2002-04-09,-22.322974995725666,11.304391834035407,40.31286787863759,40.86288915324152
2002-04-10,-21.323101726263346,9.3080718913001,41.15334320011425,39.020157252491494
2002-04-11,-21.956450351937107,8.033269885678454,40.497154447502446,38.69296088855469
2002-04-12,-21.247678120554014,5.834216467847385,40.556090880180854,38.46530353648556
2002-04-13,-21.959316341907417,5.122100337537919,41.99419605144223,38.050944076282846
2002-04-14,-22.776144215062587,5.204611409875036,41.79978015144246,37.0841296372308
2002-04-15,-23.872196789740197,4.591416392940547,42.813709203265276,37.53560973800374
2002-04-16,-21.993541133078345,3.4077690433125802,42.522061716695234,38.15073195934321
2002-04-17,-21.826624313307697,2.153187072868958,43.48248721878187,38.69453365624815
2002-04-18,-21.272818662829984,3.25293713619752,44.29537488720334,37.78144989641381
2002-04-19,-20.89618851076892,2.784122912803034,44.11760613416146,37.59416114787662
2002-04-20,-22.5110099865599,2.9345480715849335,45.40098983603658,37.15420014619104
2002-04-21,-23.017721788855415,1.8317193929539703,46.44593052583016,36.5413080559892
2002-04-22,-22.63153452857724,0.5637374046583297,47.378538152008645,38.10558389931181
2002-04-23,-23.99084125026156,-0.06779187129321473,46.29608977957824,37.33654393979967
2002-04-24,-25.02537946062217,-0.6640604180302453,46.000310119046325,36.836124283412275
2002-04-25,-24.02098979295324,-1.2179528244508138,47.070715114894035,36.58829085003978
2002-04-26,-23.7841619805709,-1.733673396108819,47.565395350653816,36.50784040500783
2002-04-27,-22.002575945726733,-2.9405554799821343,47.70196807303004,36.06827864099962
2002-04-28,-21.957496842139737,0.687403938924553,46.55281413182576,35.1901916020818
2002-04-29,-24.019051953139726,1.010451175499905,48.6002178919662,34.43700470684473
2002-04-30,-23.399261508480336,1.1141796082007986,48.18152345481311,34.82526787485335
2002-05-01,-22.461197983920854,-1.0586532725217794,46.736782952915846,34.88113695505515
2002-05-02,-21.089439468804624,-0.19663201183631585,45.09712446899129,34.56193772916769
2002-05-03,-21.356644575610712,0.5325212242693855,44.64341572025831,35.31358855278778
2002-05-04,-21.87460842212657,0.8694653131762743,42.693015057521386,35.40455547368028
2002-05-05,-22.29962661493108,1.6041460186975014,43.88696113455356,36.72256662328907
2002-05-06,-23.11606274094486,0.6215851898306145,45.29834228812579,35.25043531530482
2002-05-07,-24.496873582032986,-0.8581374170182007,44.13593490695373,36.0715793647012
2002-05-08,-24.21159311040231,-1.237784171391083,42.83462547762691,38.6188699569975
2002-05-09,-24.32871262207007,-1.7331397789853626,42.48396942231385,37.523588011188956
2002-05-10,-25.171653470877846,-1.564514606989039,44.422724783816946,34.9801552257438
2002-05-11,-26.292643877604053,-2.9291363942265423,44.79903606179798,34.419888088858514
2002-05-12,-28.08831934140397,-4.161939638639838,45.830171101083174,32.74995912566436
2002-05-13,-27.745615443097876,-6.365385927294813,46.18126623244746,34.28868629811119
2002-05-14,-27.268928054014573,-6.562430018274279,44.27862121780744,34.129046046498026
2002-05-15,-26.78168765391297,-7.063765632921655,43.127294325546806,33.841999350758236
2002-05-16,-27.393543932999822,-5.911359048021396,43.21845309832652,34.628268943891925
2002-05-17,-26.323580084176736,-6.3714989662273185,42.901560005155325,33.528272036282
2002-05-18,-26.05351727792617,-6.668237268204628,41.54104964899795,33.9445923706088
2002-05-19,-23.54667761852366,-7.804428531189175,41.230876446902066,34.12976554292588
2002-05-20,-23.36587007040903,-5.94257859484776,43.3794774524444,34.09924785283545
2002-05-21,-24.19333737393917,-4.941865197551522,43.05321692151512,34.36674786078439
2002-05-22,-25.517928497253735,-4.112139576041607,42.723091651361905,31.043763679098024
2002-05-23,-25.591151527476313,-4.561125308841892,42.68804881058844,31.57306592648309
2002-05-24,-25.722834037177872,-5.1211725788130975,43.71565086598012,34.778200667798615
2002-05-25,-25.428286350607852,-4.117237855384384,44.13740007881799,35.91376263780608
2002-05-26,-25.28228533567314,-4.381039875476519,42.92422211037659,35.25953204905886
2002-05-27,-25.655884144026782,-5.645853761530503,43.08186411557144,35.623777652726815
2002-05-28,-25.346073128097764,-5.9382276924404485,44.091936489918034,37.12201545495863
2002-05-29,-24.882204089467603,-4.359623067028872,45.08971164316051,37.203998032010865
2002-05-30,-26.097236765091036,-4.2264963761360494,45.39310974742288,35.78554821143709
2002-05-31,-24.881356051587478,-5.239181992455039,43.859481531097884,34.28086647816487
2002-06-01,-24.95931018006845,-5.451236143368857,43.68503071710403,34.899713370541974
2002-06-02,-23.807325574040156,-6.756498473268255,43.03230048849915,35.49230754855584
2002-06-03,-23.029438263756465,-4.912291059200026,43.26060832586029,34.866632180467676
2002-06-04,-22.78188178868801,-6.3876274795615355,44.81654469380501,38.03643005125933
2002-06-05,-23.271145144215115,-5.928021427560717,45.17532777377841,37.658993096131205
2002-06-06,-20.86702181656581,-6.433061109300192,43.65567180034727,36.99564041650502
2002-06-07,-22.018209471984882,-6.981216012883035,42.6130000353596,37.07082681303446
2002-06-08,-21.841210349617327,-7.51252945502567,43.64889349668407,38.57590072381327
2002-06-09,-21.89027943030083,-8.489281817301292,44.55258908908755,37.48937561269917
2002-06-10,-21.339443221890463,-7.794890877940524,47.66377945638754,37.97076274598728
2002-06-11,-23.127273267605055,-6.341194656289817,47.71437749546823,37.48649399026863
2002-06-12,-21.092225548568543,-8.871760584616315,48.44387587749091,37.85971394689551
2002-06-13,-20.987072936531497,-9.22586380557211,48.174331217146985,36.76355154154324
2002-06-14,-20.984709649563595,-7.680001935664948,48.3837041511948,34.474161683537446
2002-06-15,-20.38659431058347,-5.325535946169163,48.37626181057422,35.460261652996614
2002-06-16,-20.344856340455078,-5.01326194536228,47.79697404420111,34.61524754354216
2002-06-17,-20.11623350158677,-6.35815167359689,50.11868657784946,33.258919610781
2002-06-18,-20.372721508915276,-7.444761620283203,50.248124968439576,32.24339004887272
2002-06-19,-22.56540652882102,-7.030180107481847,50.811729089997044,31.899213822490953
2002-06-20,-23.891479427571557,-7.08686093808895,51.4419899541323,31.858554244275208
2002-06-21,-25.644006200698545,-7.61197983782691,50.74603451911097,31.276927203993285
2002-06-22,-27.489733209975878,-6.9366128513529075,50.025653780417926,30.464508175765083
2002-06-23,-26.58589038680353,-8.020893063696318,49.779356050487,31.610891252357344
2002-06-24,-26.146748259999065,-7.404159401922141,49.06464919069653,31.736578890576062
2002-06-25,-26.030628538018693,-6.524679928666694,49.63657049213689,30.576837915825074
2002-06-26,-26.174624245118675,-5.229010192229524,49.72858694077048,30.50631454061852
2002-06-27,-25.115163350605272,-5.803198369516352,49.01933478246984,28.045179657510538
2002-06-28,-23.40069118396652,-6.548545439282588,49.628533547091415,27.23361876090558
2002-06-29,-23.848030867311778,-5.245265189870262,50.464605488866646,28.17185687159057
2002-06-30,-24.529561337815668,-4.801700169466679,50.68376556798525,28.711892970515294
2002-07-01,-23.908529661223593,-4.580427159270186,52.07218601802779,27.690668222024648
2002-07-02,-23.906783458172118,-5.098435941104379,52.9783359624096,27.27349056046037
2002-07-03,-24.848184129261764,-4.872945420501642,53.41359237147062,28.167389617975495
2002-07-04,-27.038513198607205,-4.8342342507522735,53.63150560173053,27.226245000649318
2002-07-05,-26.98899855561947,-4.2311983087806695,53.251461642416174,27.245817354233722
2002-07-06,-25.237085703785745,-4.008620060449124,53.28578798627119,25.733812979581366
2002-07-07,-25.74399638017628,-3.9189152903472344,55.039565564643425,25.947722595313024
2002-07-08,-26.04984488716784,-5.730136814111137,55.177401485035624,26.249688612023558
2002-07-09,-25.03502154772561,-5.65282043012792,54.163471633820286,26.392977877319904
2002-07-10,-24.326840878663603,-6.608480282601664,51.49942548894445,25.42084894837992
2002-07-11,-24.485796638588994,-5.647734302308035,53.06815801258229,24.04823427494462
2002-07-12,-23.5464112599925,-5.750865191830382,53.66617145197694,23.513874686168784
2002-07-13,-23.30682274005604,-6.413126886061926,54.02148747200039,25.478767565233948
2002-07-14,-22.547022725646695,-7.6546776390689475,55.024532350121035,25.02948531349213
2002-07-15,-22.86282615239967,-7.920705247907598,53.04444106039394,25.846356354865247
2002-07-16,-24.238964021860813,-6.5149864953889365,52.6851630669651,25.276850074352808
2002-07-17,-24.085536098249115,-8.44996584197981,50.66645425179566,24.26599344191328
2002-07-18,-24.992648197827453,-9.21717729574578,50.034753584829595,25.06491571845493
2002-07-19,-25.53849464724595,-9.532363411180938,47.693576649831094,23.674674021636168
2002-07-20,-25.713832903981814,-8.751274689336826,48.16695610609983,24.459698679010867
2002-07-21,-26.035826686714497,-8.22522463332196,48.46268321785579,24.57115562434312
2002-07-22,-26.007419960386805,-7.16188979861375,47.70597594046728,23.557530208101902
2002-07-23,-26.756702494056928,-9.16678451383658,47.0667238610745,23.315418892221327
2002-07-24,-25.561024767598983,-10.069885359701892,46.05553308238607,22.23616471889249
2002-07-25,-26.36606772538122,-9.64875444350132,45.00122837850448,21.793097900908336
2002-07-26,-26.781709180202427,-8.532738893432416,44.885392103926044,23.058407892522887
2002-07-27,-25.093745655933674,-8.693633799490257,44.74308567477094,21.731806490017256
2002-07-28,-26.091076275829952,-9.00853524324645,45.844585582137256,22.443290382184987
2002-07-29,-26.58397198889379,-10.944446700881654,47.045705982950786,23.000660564888726
2002-07-30,-26.18271410328493,-11.639075522600047,47.21374865240337,23.239899903768556
2002-07-31,-26.555348776990535,-12.619383334595252,48.04585391427715,22.099304505766213
2002-08-01,-27.30447224470821,-12.74979648516984,48.78581881255034,20.767176176330043
2002-08-02,-26.293677928032558,-11.30076661724403,49.130075154917364,20.94434704517499
2002-08-03,-24.15001126230517,-10.03684085064529,49.52772708159596,18.820211794710684
2002-08-04,-23.96582088821274,-11.23903273687319,49.166248568337785,18.796157488330675
2002-08-05,-24.9423162136062,-11.722390110125689,49.97396604560824,19.104342279869474
2002-08-06,-25.726207486450026,-12.993480205687511,51.435436620185975,18.21630117562105
2002-08-07,-24.93259138933421,-14.5054532088598,51.458181322888905,18.404721603573357
2002-08-08,-25.773743163585866,-14.813409446440671,52.24000747110777,16.87852885166986
2002-08-09,-26.290901151397076,-14.537722453548733,53.496000700547384,17.22888683224247
2002-08-10,-26.58938124358677,-14.621572458349362,52.941780622740794,17.576003393821903
2002-08-11,-26.99144856290669,-14.433420266291938,51.74257704176073,16.69679366627896
2002-08-12,-27.8484739738023,-15.289271577167462,50.544722979388794,17.904607579293295
2002-08-13,-27.887635954187996,-15.701125964394137,51.00245152310886,17.630962196812586
2002-08-14,-27.28159796247991,-14.782431290760611,51.267313368517705,19.054015590807314
2002-08-15,-26.852394609750913,-14.456141030215957,52.548660443614686,18.164753122130225
2002-08-16,-26.395541589357183,-14.072342958881727,54.569174716741834,18.15195478665291
2002-08-17,-26.385808098133584,-13.8774347573337,56.01779125284049,17.950783786606532
2002-08-18,-27.32405502860015,-14.566817227329597,56.27151441096978,17.114672501330475
2002-08-19,-26.957998221503527,-12.949971867896897,55.71524378593041,15.371979037967526
2002-08-20,-26.574291891025936,-13.873241497026731,54.67049777503231,15.605334164725623
2002-08-21,-25.514046082182805,-12.545560612707753,55.690272374308854,16.10266622794213
2002-08-22,-25.325183116355667,-11.422710377370551,55.42214955492339,16.70788264032886
2002-08-23,-24.163192928632732,-12.158915122104542,54.58730222285643,17.033451699896382
2002-08-24,-25.51397244462421,-13.069571660241877,55.12058778838328,20.219689801030217
2002-08-25,-24.152453169790338,-14.197336484777843,53.85382313218153,20.746614035649316
2002-08-26,-23.241188667393182,-13.130439002932297,53.85353106835116,19.571270229708794
2002-08-27,-24.39394818392945,-11.330642825612356,53.12262011687488,20.862351359108505
2002-08-28,-23.744141621768712,-11.683603261855994,54.15842195160901,18.301969257594028
2002-08-29,-24.83870306578377,-11.756400675621306,54.32305335161339,18.899218915604507
2002-08-30,-25.914318141308488,-12.425042790185234,54.06308314812759,20.35019542611847
2002-08-31,-26.04953390569499,-12.278080899918875,52.5582455779148,20.739014081453586
2002-09-01,-25.455213562131224,-12.825171973999254,53.28155470002817,22.123639848049475
2002-09-02,-25.406391947558294,-11.78351473733262,52.82228325185107,21.650452473552114
2002-09-03,-23.55790316448109,-10.89814456884936,53.91160293411293,22.443103005958864
2002-09-04,-22.341480628662417,-10.246588459330937,53.92362650333559,22.581866894444847
2002-09-05,-23.89606904083304,-9.68312363634397,54.37861133892156,23.920015309975295
2002-09-06,-24.535410368966875,-9.329838855030406,52.94891072904981,21.861630350733936
2002-09-07,-25.983051863920995,-7.183550266589489,53.900173521546975,21.031577534733877
2002-09-08,-24.731008967568894,-7.586506202719562,55.543600076262386,20.917079986103282
2002-09-09,-24.74400500537968,-9.20784567509529,53.69062525540257,20.105032799581267
2002-09-10,-25.085601236559075,-7.519367890280672,54.52804110755634,19.43065171710268
2002-09-11,-23.769852904106322,-8.363726816446551,53.3982655330977,18.168328289148644
2002-09-12,-23.42352250688058,-8.034563410509085,53.56428190258414,17.330863952967732
2002-09-13,-23.26715299024932,-9.505809616432362,54.64546534859752,16.767814677723592
2002-09-14,-22.88954970161023,-8.0994749943839,54.575842044617225,13.91436059057049
2002-09-15,-23.47382691778071,-7.793746823407122,55.6788921107681,12.55882593168206
2002-09-16,-24.28234129077361,-7.350299701400715,55.77104320991606,12.661369368991743
2002-09-17,-23.067302691640695,-5.5924172385519855,56.099097616320975,13.89090384627873
2002-09-18,-24.603397878161314,-4.280273985203609,56.34060356389502,13.963185744977968
2002-09-19,-25.202294705168697,-3.741501112265501,54.384614893044215,14.66541347274145
2002-09-20,-24.540488441833418,-2.915390816535959,54.517278348168226,16.371743698163726
2002-09-21,-25.51715462384551,-5.212940579701064,54.36614549662442,14.46473747419988
2002-09-22,-24.646127789454617,-5.876797728897202,55.10229973254488,15.221224645384508
2002-09-23,-25.84473725831108,-4.588979377539121,54.21286153145204,14.520891816310634
2002-09-24,-25.056263547770083,-5.062138633664646,53.416617993974945,13.412206512165035
2002-09-25,-25.369430620253382,-5.558050567655514,53.0848027976117,12.657773973476006
2002-09-26,-25.49611820963142,-5.851817215332934,53.56358574712839,12.15499043245844
